-- phpMyAdmin SQL Dump
-- version 5.2.1
-- https://www.phpmyadmin.net/
--
-- Host: 127.0.0.1:3306
-- Generation Time: May 15, 2026 at 09:47 PM
-- Server version: 8.3.0
-- PHP Version: 8.2.18

SET SQL_MODE = "NO_AUTO_VALUE_ON_ZERO";
START TRANSACTION;
SET time_zone = "+00:00";


/*!40101 SET @OLD_CHARACTER_SET_CLIENT=@@CHARACTER_SET_CLIENT */;
/*!40101 SET @OLD_CHARACTER_SET_RESULTS=@@CHARACTER_SET_RESULTS */;
/*!40101 SET @OLD_COLLATION_CONNECTION=@@COLLATION_CONNECTION */;
/*!40101 SET NAMES utf8mb4 */;

--
-- Database: `django_libros`
--

-- --------------------------------------------------------

--
-- Table structure for table `auth_group`
--

DROP TABLE IF EXISTS `auth_group`;
CREATE TABLE IF NOT EXISTS `auth_group` (
  `id` int NOT NULL AUTO_INCREMENT,
  `name` varchar(150) NOT NULL,
  PRIMARY KEY (`id`),
  UNIQUE KEY `name` (`name`)
) ENGINE=MyISAM DEFAULT CHARSET=utf8mb4 COLLATE=utf8mb4_0900_ai_ci;

-- --------------------------------------------------------

--
-- Table structure for table `auth_group_permissions`
--

DROP TABLE IF EXISTS `auth_group_permissions`;
CREATE TABLE IF NOT EXISTS `auth_group_permissions` (
  `id` bigint NOT NULL AUTO_INCREMENT,
  `group_id` int NOT NULL,
  `permission_id` int NOT NULL,
  PRIMARY KEY (`id`),
  UNIQUE KEY `auth_group_permissions_group_id_permission_id_0cd325b0_uniq` (`group_id`,`permission_id`),
  KEY `auth_group_permissions_group_id_b120cbf9` (`group_id`),
  KEY `auth_group_permissions_permission_id_84c5c92e` (`permission_id`)
) ENGINE=MyISAM DEFAULT CHARSET=utf8mb4 COLLATE=utf8mb4_0900_ai_ci;

-- --------------------------------------------------------

--
-- Table structure for table `auth_permission`
--

DROP TABLE IF EXISTS `auth_permission`;
CREATE TABLE IF NOT EXISTS `auth_permission` (
  `id` int NOT NULL AUTO_INCREMENT,
  `name` varchar(255) NOT NULL,
  `content_type_id` int NOT NULL,
  `codename` varchar(100) NOT NULL,
  PRIMARY KEY (`id`),
  UNIQUE KEY `auth_permission_content_type_id_codename_01ab375a_uniq` (`content_type_id`,`codename`),
  KEY `auth_permission_content_type_id_2f476e4b` (`content_type_id`)
) ENGINE=MyISAM AUTO_INCREMENT=29 DEFAULT CHARSET=utf8mb4 COLLATE=utf8mb4_0900_ai_ci;

--
-- Dumping data for table `auth_permission`
--

INSERT INTO `auth_permission` (`id`, `name`, `content_type_id`, `codename`) VALUES
(1, 'Can add log entry', 1, 'add_logentry'),
(2, 'Can change log entry', 1, 'change_logentry'),
(3, 'Can delete log entry', 1, 'delete_logentry'),
(4, 'Can view log entry', 1, 'view_logentry'),
(5, 'Can add permission', 3, 'add_permission'),
(6, 'Can change permission', 3, 'change_permission'),
(7, 'Can delete permission', 3, 'delete_permission'),
(8, 'Can view permission', 3, 'view_permission'),
(9, 'Can add group', 2, 'add_group'),
(10, 'Can change group', 2, 'change_group'),
(11, 'Can delete group', 2, 'delete_group'),
(12, 'Can view group', 2, 'view_group'),
(13, 'Can add user', 4, 'add_user'),
(14, 'Can change user', 4, 'change_user'),
(15, 'Can delete user', 4, 'delete_user'),
(16, 'Can view user', 4, 'view_user'),
(17, 'Can add content type', 5, 'add_contenttype'),
(18, 'Can change content type', 5, 'change_contenttype'),
(19, 'Can delete content type', 5, 'delete_contenttype'),
(20, 'Can view content type', 5, 'view_contenttype'),
(21, 'Can add session', 6, 'add_session'),
(22, 'Can change session', 6, 'change_session'),
(23, 'Can delete session', 6, 'delete_session'),
(24, 'Can view session', 6, 'view_session'),
(25, 'Can add libro', 7, 'add_libro'),
(26, 'Can change libro', 7, 'change_libro'),
(27, 'Can delete libro', 7, 'delete_libro'),
(28, 'Can view libro', 7, 'view_libro');

-- --------------------------------------------------------

--
-- Table structure for table `auth_user`
--

DROP TABLE IF EXISTS `auth_user`;
CREATE TABLE IF NOT EXISTS `auth_user` (
  `id` int NOT NULL AUTO_INCREMENT,
  `password` varchar(128) NOT NULL,
  `last_login` datetime(6) DEFAULT NULL,
  `is_superuser` tinyint(1) NOT NULL,
  `username` varchar(150) NOT NULL,
  `first_name` varchar(150) NOT NULL,
  `last_name` varchar(150) NOT NULL,
  `email` varchar(254) NOT NULL,
  `is_staff` tinyint(1) NOT NULL,
  `is_active` tinyint(1) NOT NULL,
  `date_joined` datetime(6) NOT NULL,
  PRIMARY KEY (`id`),
  UNIQUE KEY `username` (`username`)
) ENGINE=MyISAM AUTO_INCREMENT=2 DEFAULT CHARSET=utf8mb4 COLLATE=utf8mb4_0900_ai_ci;

--
-- Dumping data for table `auth_user`
--

INSERT INTO `auth_user` (`id`, `password`, `last_login`, `is_superuser`, `username`, `first_name`, `last_name`, `email`, `is_staff`, `is_active`, `date_joined`) VALUES
(1, 'pbkdf2_sha256$1200000$iHPF9N5732Y787RREzWLpM$CnMP01nDToN/ktQGOghOA+zIyCLojzsj4sxate8BS50=', '2026-05-15 21:44:22.992342', 1, 'admin', '', '', 'dantedacosta2001@gmail.com', 1, 1, '2026-05-15 15:49:58.047078');

-- --------------------------------------------------------

--
-- Table structure for table `auth_user_groups`
--

DROP TABLE IF EXISTS `auth_user_groups`;
CREATE TABLE IF NOT EXISTS `auth_user_groups` (
  `id` bigint NOT NULL AUTO_INCREMENT,
  `user_id` int NOT NULL,
  `group_id` int NOT NULL,
  PRIMARY KEY (`id`),
  UNIQUE KEY `auth_user_groups_user_id_group_id_94350c0c_uniq` (`user_id`,`group_id`),
  KEY `auth_user_groups_user_id_6a12ed8b` (`user_id`),
  KEY `auth_user_groups_group_id_97559544` (`group_id`)
) ENGINE=MyISAM DEFAULT CHARSET=utf8mb4 COLLATE=utf8mb4_0900_ai_ci;

-- --------------------------------------------------------

--
-- Table structure for table `auth_user_user_permissions`
--

DROP TABLE IF EXISTS `auth_user_user_permissions`;
CREATE TABLE IF NOT EXISTS `auth_user_user_permissions` (
  `id` bigint NOT NULL AUTO_INCREMENT,
  `user_id` int NOT NULL,
  `permission_id` int NOT NULL,
  PRIMARY KEY (`id`),
  UNIQUE KEY `auth_user_user_permissions_user_id_permission_id_14a6b632_uniq` (`user_id`,`permission_id`),
  KEY `auth_user_user_permissions_user_id_a95ead1b` (`user_id`),
  KEY `auth_user_user_permissions_permission_id_1fbb5f2c` (`permission_id`)
) ENGINE=MyISAM DEFAULT CHARSET=utf8mb4 COLLATE=utf8mb4_0900_ai_ci;

-- --------------------------------------------------------

--
-- Table structure for table `django_admin_log`
--

DROP TABLE IF EXISTS `django_admin_log`;
CREATE TABLE IF NOT EXISTS `django_admin_log` (
  `id` int NOT NULL AUTO_INCREMENT,
  `action_time` datetime(6) NOT NULL,
  `object_id` longtext,
  `object_repr` varchar(200) NOT NULL,
  `action_flag` smallint UNSIGNED NOT NULL,
  `change_message` longtext NOT NULL,
  `content_type_id` int DEFAULT NULL,
  `user_id` int NOT NULL,
  PRIMARY KEY (`id`),
  KEY `django_admin_log_content_type_id_c4bce8eb` (`content_type_id`),
  KEY `django_admin_log_user_id_c564eba6` (`user_id`)
) ;

--
-- Dumping data for table `django_admin_log`
--

INSERT INTO `django_admin_log` (`id`, `action_time`, `object_id`, `object_repr`, `action_flag`, `change_message`, `content_type_id`, `user_id`) VALUES
(1, '2026-05-15 15:56:54.322992', '1', 'libro object (1)', 1, '[{\"added\": {}}]', 7, 1),
(2, '2026-05-15 16:19:35.812733', '1', 'Titulo: Cien años de soledad - Descripcion: Cien años de soledad, escrita por el colombiano Gabriel García Márquez, narra la historia de la familia Buendía a lo largo de siete generaciones. La trama s', 2, '[{\"changed\": {\"fields\": [\"Imagen\"]}}]', 7, 1);

-- --------------------------------------------------------

--
-- Table structure for table `django_content_type`
--

DROP TABLE IF EXISTS `django_content_type`;
CREATE TABLE IF NOT EXISTS `django_content_type` (
  `id` int NOT NULL AUTO_INCREMENT,
  `app_label` varchar(100) NOT NULL,
  `model` varchar(100) NOT NULL,
  PRIMARY KEY (`id`),
  UNIQUE KEY `django_content_type_app_label_model_76bd3d3b_uniq` (`app_label`,`model`)
) ENGINE=MyISAM AUTO_INCREMENT=8 DEFAULT CHARSET=utf8mb4 COLLATE=utf8mb4_0900_ai_ci;

--
-- Dumping data for table `django_content_type`
--

INSERT INTO `django_content_type` (`id`, `app_label`, `model`) VALUES
(1, 'admin', 'logentry'),
(2, 'auth', 'group'),
(3, 'auth', 'permission'),
(4, 'auth', 'user'),
(5, 'contenttypes', 'contenttype'),
(6, 'sessions', 'session'),
(7, 'libreria', 'libro');

-- --------------------------------------------------------

--
-- Table structure for table `django_migrations`
--

DROP TABLE IF EXISTS `django_migrations`;
CREATE TABLE IF NOT EXISTS `django_migrations` (
  `id` bigint NOT NULL AUTO_INCREMENT,
  `app` varchar(255) NOT NULL,
  `name` varchar(255) NOT NULL,
  `applied` datetime(6) NOT NULL,
  PRIMARY KEY (`id`)
) ENGINE=MyISAM AUTO_INCREMENT=20 DEFAULT CHARSET=utf8mb4 COLLATE=utf8mb4_0900_ai_ci;

--
-- Dumping data for table `django_migrations`
--

INSERT INTO `django_migrations` (`id`, `app`, `name`, `applied`) VALUES
(1, 'contenttypes', '0001_initial', '2026-05-15 15:31:38.328942'),
(2, 'auth', '0001_initial', '2026-05-15 15:31:38.888992'),
(3, 'admin', '0001_initial', '2026-05-15 15:31:39.105408'),
(4, 'admin', '0002_logentry_remove_auto_add', '2026-05-15 15:31:39.114540'),
(5, 'admin', '0003_logentry_add_action_flag_choices', '2026-05-15 15:31:39.125457'),
(6, 'contenttypes', '0002_remove_content_type_name', '2026-05-15 15:31:39.237287'),
(7, 'auth', '0002_alter_permission_name_max_length', '2026-05-15 15:31:39.286669'),
(8, 'auth', '0003_alter_user_email_max_length', '2026-05-15 15:31:39.341259'),
(9, 'auth', '0004_alter_user_username_opts', '2026-05-15 15:31:39.348803'),
(10, 'auth', '0005_alter_user_last_login_null', '2026-05-15 15:31:39.397934'),
(11, 'auth', '0006_require_contenttypes_0002', '2026-05-15 15:31:39.399572'),
(12, 'auth', '0007_alter_validators_add_error_messages', '2026-05-15 15:31:39.408880'),
(13, 'auth', '0008_alter_user_username_max_length', '2026-05-15 15:31:39.468520'),
(14, 'auth', '0009_alter_user_last_name_max_length', '2026-05-15 15:31:39.513766'),
(15, 'auth', '0010_alter_group_name_max_length', '2026-05-15 15:31:39.558945'),
(16, 'auth', '0011_update_proxy_permissions', '2026-05-15 15:31:39.567191'),
(17, 'auth', '0012_alter_user_first_name_max_length', '2026-05-15 15:31:39.612889'),
(18, 'libreria', '0001_initial', '2026-05-15 15:31:39.619862'),
(19, 'sessions', '0001_initial', '2026-05-15 15:31:39.680762');

-- --------------------------------------------------------

--
-- Table structure for table `django_session`
--

DROP TABLE IF EXISTS `django_session`;
CREATE TABLE IF NOT EXISTS `django_session` (
  `session_key` varchar(40) NOT NULL,
  `session_data` longtext NOT NULL,
  `expire_date` datetime(6) NOT NULL,
  PRIMARY KEY (`session_key`),
  KEY `django_session_expire_date_a5c62663` (`expire_date`)
) ENGINE=MyISAM DEFAULT CHARSET=utf8mb4 COLLATE=utf8mb4_0900_ai_ci;

--
-- Dumping data for table `django_session`
--

INSERT INTO `django_session` (`session_key`, `session_data`, `expire_date`) VALUES
('knuw3yllmt0a76u2fsoww9vbyxpmltb3', '.eJxVjEsOwiAUAO_y1obwL3Tp3jOQBw-kaiAp7cp4d9OkC93OTOYNAfethn3kNSwEMwi4_LKI6ZnbIeiB7d5Z6m1bl8iOhJ12sFun_Lqe7d-g4qgwg5-E0iW5YpV0mhdTitITceW0tNxL0hw9aeeMFRlRCSsdRYMCbUyJDHy-uPE3RA:1wNuqM:VUANXqcH1S8Ha1U3Ah7wBrawXYRCIL5JPBLo0QS-aFM', '2026-05-29 15:52:54.755003'),
('sbybzvb9qts8bstcmqx9l44ihiyb0xv3', '.eJxVjEsOwiAUAO_y1obwL3Tp3jOQBw-kaiAp7cp4d9OkC93OTOYNAfethn3kNSwEMwi4_LKI6ZnbIeiB7d5Z6m1bl8iOhJ12sFun_Lqe7d-g4qgwg5-E0iW5YpV0mhdTitITceW0tNxL0hw9aeeMFRlRCSsdRYMCbUyJDHy-uPE3RA:1wO0KU:pUvYVBi-IOGj3uN9L0bEA07Atcn-Q39oT8KhRyysA_Y', '2026-05-29 21:44:22.995288');

-- --------------------------------------------------------

--
-- Table structure for table `libreria_libro`
--

DROP TABLE IF EXISTS `libreria_libro`;
CREATE TABLE IF NOT EXISTS `libreria_libro` (
  `id` int NOT NULL AUTO_INCREMENT,
  `titulo` varchar(100) NOT NULL,
  `imagen` varchar(100) DEFAULT NULL,
  `descripcion` longtext NOT NULL,
  PRIMARY KEY (`id`)
) ENGINE=MyISAM AUTO_INCREMENT=4 DEFAULT CHARSET=utf8mb4 COLLATE=utf8mb4_0900_ai_ci;

--
-- Dumping data for table `libreria_libro`
--

INSERT INTO `libreria_libro` (`id`, `titulo`, `imagen`, `descripcion`) VALUES
(1, 'Cien años de soledad', 'imgs/Cien_anos_de_soledad.png', 'Cien años de soledad, escrita por el colombiano Gabriel García Márquez, narra la historia de la familia Buendía a lo largo de siete generaciones. La trama se desarrolla en el pueblo ficticio de Macondo, explorando temas como la soledad, el incesto y la repetición de trágicos destinos.'),
(2, 'La Iliada', 'imgs/La_Iliada-Homero-lg.png', 'La Ilíada es un poema épico de la antigua Grecia, atribuido a Homero (siglo VIII a.C.), que narra un episodio de 51 días en el décimo año de la Guerra de Troya. Se centra en la \"ira de Aquiles\", su retiro de la batalla tras un conflicto con Agamenón, y su posterior regreso para vengar a Patroclo matando a Héctor, príncipe de Troya.');
COMMIT;

/*!40101 SET CHARACTER_SET_CLIENT=@OLD_CHARACTER_SET_CLIENT */;
/*!40101 SET CHARACTER_SET_RESULTS=@OLD_CHARACTER_SET_RESULTS */;
/*!40101 SET COLLATION_CONNECTION=@OLD_COLLATION_CONNECTION */;
